#,Keyword,Est. Monthly Volume,Competition,Search Intent
1,golf cart batteries,"40,500",Medium,Commercial
2,lithium golf cart battery,"27,100",Medium,Commercial
3,48v golf cart battery,"22,000",Medium,Commercial
4,golf cart battery replacement,"14,800",Medium,Commercial
5,lithium battery for golf cart,"12,100",Medium,Commercial
6,36v golf cart battery,"9,900",Low,Commercial
7,best golf cart battery,"8,100",Medium,Commercial
8,golf cart battery upgrade,"6,600",Low,Commercial
9,lifepo4 golf cart battery,"5,400",Low,Commercial
10,72v golf cart battery,"4,400",Low,Commercial
11,48v lithium golf cart battery,"4,400",Medium,Commercial
12,lead acid to lithium golf cart conversion,"3,600",Low,Informational
13,golf cart battery charger,"18,100",Medium,Commercial
14,golf cart lithium battery kit,"3,200",Low,Commercial
15,deep cycle golf cart battery,"5,400",Medium,Commercial
16,golf cart battery 48v lifepo4,"2,900",Low,Commercial
17,golf cart battery 100ah,"2,400",Low,Commercial
18,club car lithium battery upgrade,"2,900",Low,Commercial
19,ezgo lithium battery,"3,600",Low,Commercial
20,yamaha golf cart lithium battery,"2,400",Low,Commercial
21,how long do golf cart batteries last,"12,100",Low,Informational
22,lithium vs lead acid golf cart battery,"5,400",Low,Informational
23,golf cart battery maintenance,"4,400",Low,Informational
24,drop in lithium golf cart battery,"2,900",Low,Commercial
25,plug and play golf cart battery,"1,900",Low,Commercial
26,golf cart battery weight,"2,400",Low,Informational
27,48v lifepo4 battery kit,"2,900",Low,Commercial
28,golf cart battery near me,"9,900",Medium,Commercial
29,best 48v lithium golf cart battery,"1,900",Low,Commercial
30,how to charge lithium golf cart battery,"2,900",Low,Informational
31,golf cart battery bms,"1,600",Low,Informational
32,golf cart battery amp hours,"2,400",Low,Informational
33,electric golf cart battery,"9,900",Medium,Commercial
34,lithium iron phosphate golf cart,"2,400",Low,Commercial
35,GC2 lithium battery,"1,900",Low,Commercial
36,golf cart battery upgrade cost,"2,900",Low,Informational
37,lithium golf cart battery review,"2,400",Low,Informational
38,36v lithium golf cart battery kit,"1,600",Low,Commercial
39,golf cart battery conversion kit,"3,600",Low,Commercial
40,36v to 48v golf cart upgrade,"1,300",Low,Informational
41,lithium golf cart battery lifespan,"1,600",Low,Informational
42,golf cart battery with bluetooth bms,"1,000",Low,Commercial
43,zero maintenance golf cart battery,880,Low,Commercial
44,fastest charging golf cart battery,"1,300",Low,Commercial
45,lithium golf cart battery warranty,"1,000",Low,Informational
46,golf cart battery 6000 cycle,720,Low,Informational
47,48v golf cart lithium battery charger,"1,600",Low,Commercial
48,golf cart battery range per charge,"1,300",Low,Informational
49,ip65 golf cart battery,590,Low,Commercial
50,buy golf cart lithium battery online,"1,000",Low,Commercial
,,,,
Summary,,,,
Total Keywords,50,,,
Total Est. Volume,"2,87,490",,,
Low Competition,39,,,
Medium Competition,11,,,
Commercial Intent,35,,,
Informational Intent,15,,,
