Name,City,Mobile,Email,Keyword,Avg. monthly searches,Competition (indexed value)
અમદાવાદ,ગુજરાત,07912345,,,,
રાજેશ પટેલ,સુરત,09876543,,,,
અમદાવાદ,,07912345,amd@test.com,,,
રાજેશ પટેલ,,09876543,rajesh@test.com,,,
અમદાવાદ,,07912345,amd@test.com,,,
,,,,lithium golf cart,5000,48
,,,,battery power,5000,21
,,,,lifepo4 golf cart battery,5000,49
,,,,lithium ion golf cart,5000,48
,,,,battery management system lithium ion,5000,40
,,,,bms for lithium ion battery,5000,40
,,,,lithium bms,5000,40
,,,,lifepo4 rv battery,5000,27
,,,,new batteries,5000,24
,,,,types of lithium batteries,5000,29
,,,,lithium ion battery safety,5000,28
,,,,lithium ion battery types,5000,29
,,,,lithium iron,5000,59
,,,,lithium ion batteries recycling,5000,22
,,,,li ion bms,5000,40
,,,,lithium ion bms,5000,40
,,,,cost of battery,5000,21
,,,,tech battery,5000,8
,,,,ev lithium batteries,5000,9
,,,,battery new technology,5000,10
,,,,batteries & power,5000,21
,,,,li ion battery types,5000,29
,,,,price of batteries,5000,42
,,,,li ion battery safety,5000,28
,,,,lithium battery energy storage,5000,7
,,,,lithium ion battery energy storage,5000,7
,,,,li iron phosphate,5000,59
,,,,batteries life,5000,0
,,,,battery nmc,5000,5
,,,,battery power battery,5000,21
,,,,bms battery system,5000,44
,,,,electrovolt battery,5000,35
,,,,li battery types,5000,29
,,,,li ion phosphate,5000,59
,,,,li ion types,5000,29
,,,,lion ion,5000,16
,,,,lithium ion iron phosphate,5000,59
,,,,lithium ion rechargeable cell,5000,16
,,,,lithium ion safety,5000,28
,,,,lithium ion types,5000,29
,,,,technology battery,5000,8
